ForeFlight Logbook Import,,,,,,,,,,,,,,,,,,,,,,,,,,,,,,,,,,,,,,,,,,,,,,,,,,,,,,,
,,,,,,,,,,,,,,,,,,,,,,,,,,,,,,,,,,,,,,,,,,,,,,,,,,,,,,,
Aircraft Table,,,,,,,,,,,,,,,,,,,,,,,,,,,,,,,,,,,,,,,,,,,,,,,,,,,,,,,
AircraftID,EquipmentType,TypeCode,Year,Make,Model,Category,Class,GearType,EngineType,Complex,HighPerformance,Pressurized,,,,,,,,,,,,,,,,,,,,,,,,,,,,,,,,,,,,,,,,,,,
GENERIC 182T,aircraft,G,,,,airplane,airplane_single_engine_land,fixed_tricycle,Piston,false,true,false,,,,,,,,,,,,,,,,,,,,,,,,,,,,,,,,,,,,,,,,,,,
N325MM,aircraft,182T,,Cessna,182T,airplane,airplane_single_engine_land,fixed_tricycle,Piston,false,true,false,,,,,,,,,,,,,,,,,,,,,,,,,,,,,,,,,,,,,,,,,,,
N2463S,aircraft,182T,,Cessna,182T,airplane,airplane_single_engine_land,fixed_tricycle,Piston,false,true,false,,,,,,,,,,,,,,,,,,,,,,,,,,,,,,,,,,,,,,,,,,,
GENERIC C172SP,aircraft,172S,,Cessna,172SP,airplane,airplane_single_engine_land,fixed_tricycle,Piston,false,false,false,,,,,,,,,,,,,,,,,,,,,,,,,,,,,,,,,,,,,,,,,,,
N71CS,aircraft,PA28R-180,,Piper,Arrow,airplane,airplane_single_engine_land,retractable_tricycle,Piston,true,false,false,,,,,,,,,,,,,,,,,,,,,,,,,,,,,,,,,,,,,,,,,,,
N123TZ,aircraft,182T,,Cessna,182T,airplane,airplane_single_engine_land,fixed_tricycle,Piston,false,true,false,,,,,,,,,,,,,,,,,,,,,,,,,,,,,,,,,,,,,,,,,,,
N652SP,aircraft,172S,,Cessna,172SP,airplane,airplane_single_engine_land,fixed_tricycle,Piston,false,false,false,,,,,,,,,,,,,,,,,,,,,,,,,,,,,,,,,,,,,,,,,,,
N54JA,aircraft,172S,,Cessna,172SP,airplane,airplane_single_engine_land,fixed_tricycle,Piston,false,false,false,,,,,,,,,,,,,,,,,,,,,,,,,,,,,,,,,,,,,,,,,,,
N41BS,aircraft,172S,,Cessna,172SP,airplane,airplane_single_engine_land,fixed_tricycle,Piston,false,false,false,,,,,,,,,,,,,,,,,,,,,,,,,,,,,,,,,,,,,,,,,,,
N35583,aircraft,172S,2001,Cessna,172SP,airplane,airplane_single_engine_land,fixed_tricycle,Piston,false,false,false,,,,,,,,,,,,,,,,,,,,,,,,,,,,,,,,,,,,,,,,,,,
N290TW,aircraft,172S,2001,Cessna,172SP,airplane,airplane_single_engine_land,fixed_tricycle,Piston,false,false,false,,,,,,,,,,,,,,,,,,,,,,,,,,,,,,,,,,,,,,,,,,,
N850SP,aircraft,172S,,Cessna,172SP,airplane,airplane_single_engine_land,fixed_tricycle,Piston,false,false,false,,,,,,,,,,,,,,,,,,,,,,,,,,,,,,,,,,,,,,,,,,,
N972TA,aircraft,172S,2002,Cessna,Skyhawk 172S,airplane,airplane_single_engine_land,fixed_tricycle,Piston,false,false,false,,,,,,,,,,,,,,,,,,,,,,,,,,,,,,,,,,,,,,,,,,,
N24635,aircraft,182T,,Cessna,182T,airplane,airplane_single_engine_land,fixed_tricycle,Piston,false,true,false,,,,,,,,,,,,,,,,,,,,,,,,,,,,,,,,,,,,,,,,,,,
N54JA,aircraft,C172S,,,,airplane,airplane_single_engine_land,fixed_tricycle,Piston,false,false,false,,,,,,,,,,,,,,,,,,,,,,,,,,,,,,,,,,,,,,,,,,,
N532PG,aircraft,SR20,,Cirrus,SR 20,airplane,airplane_single_engine_land,fixed_tailwheel,Piston,false,false,false,,,,,,,,,,,,,,,,,,,,,,,,,,,,,,,,,,,,,,,,,,,
N387CS,aircraft,,,,,,,,,false,false,false,,,,,,,,,,,,,,,,,,,,,,,,,,,,,,,,,,,,,,,,,,,
,,,,,,,,,,,,,,,,,,,,,,,,,,,,,,,,,,,,,,,,,,,,,,,,,,,,,,,
Flights Table,,,,,,,,,,,,,,,,,,,,,,,,,,,,,,,,,,,,,,,,,,,,,,,,,,,,,,,
Date,AircraftID,From,To,Route,TimeOut,TimeOff,TimeOn,TimeIn,OnDuty,OffDuty,TotalTime,PIC,SIC,Night,Solo,CrossCountry,Distance,DayTakeoffs,DayLandingsFullStop,NightTakeoffs,NightLandingsFullStop,AllLandings,ActualInstrument,SimulatedInstrument,HobbsStart,HobbsEnd,TachStart,TachEnd,Holds,Approach1,Approach2,Approach3,Approach4,Approach5,Approach6,DualGiven,DualReceived,SimulatedFlight,GroundTraining,InstructorName,InstructorComments,Person1,Person2,Person3,Person4,Person5,Person6,FlightReview,Checkride,IPC,PilotComments,[Hours]Complex,[Hours]Cross Country (Part 121) LDG N/A,[Hours]Cross Country (Part 135) No Min Distance,[Hours]High Performance
2020-02-21,GENERIC C172SP,KPAO,,,,,,,,,0.0,0.0,0.0,0.0,0.0,0.0,0.00,0,0,0,0,0,0.0,0.0,0.00,0.00,0.00,0.00,0,,,,,,,0.0,0.0,0.0,0.0,,,,,,,,,false,false,false,,0.0,0.0,0.0,0.0
2020-02-21,GENERIC 182T,KSQL,KSQL,KMRY,,,,,,,1.8,1.8,0.0,0.0,0.0,1.8,117.50,2,2,0,0,2,0.0,0.0,0.00,0.00,0.00,0.00,0,,,,,,,0.0,0.0,0.0,0.0,,,,,,,,,false,false,false,,,1.8,1.8,1.8
2020-01-18,GENERIC C172SP,KPAO,KPAO,KWVI,21:37,21:37,00:10,00:10,,,1.6,1.6,0.0,0.0,0.0,0.0,0.00,2,2,0,0,2,0.0,0.0,0.00,0.00,0.00,0.00,0,,,,,,,0.0,0.0,0.0,0.0,,,,,,,,,false,false,false,,0.0,0.0,1.6,0.0
2019-12-16,N2463S,KPAO,KLVK,,,,,,,,1.5,1.5,0.0,0.0,0.0,0.0,0.00,0,0,0,0,0,0.0,0.0,0.00,0.00,0.00,0.00,0,,,,,,,0.0,1.5,0.0,0.0,Nariman Farsaie,Normal takeoff and landings. Sim. Engine Failure.  Emergencies.,,,,,,,false,false,false,,0.0,0.0,0.0,1.5
2019-12-16,N2463S,,,,,,,,,,0.0,0.0,0.0,0.0,0.0,0.0,0.00,4,4,0,0,4,0.0,0.0,0.00,0.00,0.00,0.00,0,,,,,,,0.0,0.0,0.0,0.0,,,,,,,,,false,false,false,Adding landings to previous signed entry,0.0,0.0,0.0,0.0
2019-09-23,N325MM,E79,KPAO,T331 CIGDU,,,,,,,1.5,1.5,0.0,1.5,0.0,1.5,121.20,0,0,1,1,1,0.0,0.0,0.00,0.00,0.00,0.00,0,,,,,,,0.0,0.0,0.0,0.0,,,,,,,,,false,false,false,,0.0,1.5,1.5,1.5
2019-09-23,N325MM,KPAO,E79,CIGDU T331 NTELL,,,,,,,1.6,1.6,0.0,1.6,0.0,1.6,122.60,0,0,1,1,1,0.0,0.0,0.00,0.00,0.00,0.00,0,,,,,,,0.0,0.0,0.0,0.0,,,,,,,,,false,false,false,,0.0,1.6,1.6,1.6
2019-09-13,N325MM,KSQL,KSQL,VPBBV KRLOS KSTS KRLOS,,,,,,,2.4,2.4,0.0,0.0,0.0,2.4,132.70,1,1,4,4,5,0.0,0.0,0.00,0.00,0.00,0.00,0,,,,,,,0.0,0.0,0.0,0.0,,,,,,,,,false,false,false,,0.0,2.4,2.4,2.4
2019-08-04,N325MM,KSBP,KPAO,,02:54,03:14,04:34,04:49,,,1.7,1.7,0.0,1.0,0.0,1.7,151.10,1,0,0,1,1,0.0,0.0,1455.10,1456.80,0.00,0.00,0,,,,,,,0.0,0.0,0.0,0.0,,,,,,,,,false,false,false,,0.0,1.7,1.7,1.7
2019-08-03,N325MM,KPAO,KSBP,SNS PRB,,,,,,,1.8,1.8,0.0,0.0,0.0,1.8,155.80,0,0,0,0,0,0.0,0.0,1453.30,1455.10,0.00,0.00,0,,,,,,,0.0,0.0,0.0,0.0,,,,,,,,,false,false,false,,0.0,1.8,1.8,1.8
2019-07-27,GENERIC C172SP,KSQL,KSQL,KWVI KRLOS,,,,,,,1.7,1.7,0.0,0.0,0.0,0.0,0.00,4,4,0,0,4,0.0,0.0,4705.30,0.00,0.00,0.00,0,,,,,,,0.0,0.0,0.0,0.0,,,,,,,,,false,false,false,,0.0,0.0,1.7,0.0
2019-07-20,N71CS,KPAO,KPAO,,19:39,20:02,21:19,21:34,,,1.9,1.9,0.0,0.0,0.0,0.0,0.00,2,2,0,0,2,0.0,0.0,0.00,0.00,0.00,0.00,0,,,,,,,0.0,1.9,0.0,0.0,Lou Dietz,,,,,,,,false,false,false,,1.9,0.0,1.9,0.0
2019-07-18,N71CS,KAPC,KPAO,,19:49,20:06,20:38,20:53,,,1.0,1.0,0.0,0.0,0.0,0.0,0.00,1,1,0,0,1,0.0,0.0,0.00,0.00,0.00,0.00,0,,,,,,,0.0,1.0,0.0,0.0,Lou Dietz,,,,,,,,false,false,false,,1.0,0.0,0.0,0.0
2019-07-18,N71CS,KPAO,KAPC,,18:25,18:55,19:26,19:41,,,0.9,0.9,0.0,0.0,0.0,,0.00,1,1,0,0,1,0.0,0.0,0.00,0.00,0.00,0.00,0,,,,,,,0.0,0.9,0.0,0.0,Lou Dietz,,,,,,,,false,false,false,,0.9,,0.9,0.0
2019-06-24,N123TZ,KSQL,KSQL,KRLOS KAPC SALAD,,,,,,,1.5,1.5,0.0,0.0,0.0,0.0,0.00,2,2,0,0,2,0.0,0.0,1843.50,1845.00,0.00,0.00,0,,,,,,,0.0,0.0,0.0,0.0,,,,,,,,,false,false,false,,1.5,0.0,1.5,0.0
2019-06-09,N123TZ,KSQL,KWVI,KRLOS KHAF,,,,,,,1.8,1.8,0.0,0.0,0.0,0.0,0.00,2,2,0,0,2,0.0,0.0,1821.10,1822.90,0.00,0.00,0,,,,,,,0.0,0.0,0.0,0.0,,,,,,,,,false,false,false,,0.0,0.0,0.0,1.8
2019-06-09,N123TZ,KWVI,KSQL,,,,,,,,0.6,0.6,0.0,0.0,0.0,0.0,0.00,0,0,0,0,0,0.0,0.0,1822.90,1823.50,0.00,0.00,0,,,,,,,0.0,0.0,0.0,0.0,,,,,,,,,false,false,false,,0.0,0.0,0.0,0.6
2019-06-07,N123TZ,KSQL,KSQL,,,,,,,,1.9,1.9,0.0,1.4,0.0,0.0,0.00,1,0,2,3,3,0.0,0.0,1817.90,1819.80,0.00,0.00,0,,,,,,,0.0,0.0,0.0,0.0,,,,,,,,,false,false,false,,0.0,0.0,0.0,1.9
2019-06-05,N123TZ,KSQL,KSQL,,,,,,,,1.1,1.1,0.0,0.0,0.0,0.0,0.00,0,0,0,0,0,0.0,0.0,1816.80,1817.90,0.00,0.00,0,,,,,,,0.0,0.0,0.0,0.0,,,,,,,,,false,false,false,,0.0,0.0,0.0,1.1
2019-06-01,N123TZ,KSJC,KSJC,KAPC,,,,,,,2.1,2.1,0.0,0.0,0.0,2.1,0.00,2,2,0,0,2,0.0,0.0,1814.10,1816.50,0.00,0.00,0,,,,,,,0.0,0.0,0.0,0.0,,,,,,,,,false,false,false,,0.0,0.0,0.0,2.1
2019-06-01,N123TZ,KSQL,KSJC,,,,,,,,0.3,0.3,0.0,0.0,0.3,0.0,0.00,1,1,0,0,1,0.0,0.0,0.00,0.00,0.00,0.00,0,,,,,,,0.0,,0.0,0.0,,,,,,,,,false,false,false,,0.0,0.0,0.0,0.3
2019-06-01,N123TZ,KSJC,KSQL,,,,,,,,0.3,0.3,0.0,0.3,0.3,0.0,0.00,0,0,1,1,1,0.0,0.0,1816.50,1816.80,0.00,0.00,0,,,,,,,0.0,,0.0,0.0,,,,,,,,,false,false,false,,0.0,0.0,0.0,0.3
2019-05-23,N123TZ,KSQL,KSQL,C83 KAPC,20:56,21:19,23:28,23:28,,,2.0,2.0,0.0,0.0,0.0,0.0,0.00,3,3,0,0,3,0.0,0.0,0.00,0.00,0.00,0.00,0,,,,,,,0.0,0.0,0.0,0.0,,,,,,,,,false,false,false,,0.0,0.0,0.0,2.0
2019-05-09,N123TZ,KSQL,KSQL,,,,,,,,1.4,1.4,0.0,0.0,0.0,0.0,0.00,3,3,0,0,3,0.0,0.0,,0.00,0.00,0.00,0,,,,,,,0.0,1.4,0.0,0.0,Mariana May Baratto,"Normal takeoff, slow flight, power off stall, power on stall, steep turns, short field takeoff and landing, soft field takeoff and landing, simulated emergency landing, go around. ",,,,,,,false,false,false,,0.0,0.0,0.0,1.4
2019-05-07,GENERIC C172SP,KWVI,KSQL,,02:22,02:29,03:00,03:00,,,0.8,0.8,0.0,0.0,0.0,0.0,0.00,1,1,0,0,1,0.0,0.0,4704.50,4705.30,0.00,0.00,0,,,,,,,0.0,0.0,0.0,0.0,,,,,,,,,false,false,false,,0.0,0.0,0.8,0.0
2019-05-07,GENERIC C172SP,KSQL,KWVI,,23:38,23:51,00:21,00:21,,,0.7,0.7,0.0,0.0,0.0,0.0,0.00,1,1,0,0,1,0.0,0.0,4703.80,4704.50,0.00,0.00,0,,,,,,,0.0,0.0,0.0,0.0,,,,,,,,,false,false,false,,,,0.7,
2019-04-28,N325MM,KPAO,KPAO,KHWD,,,,,,,1.9,1.9,0.0,0.0,0.0,0.0,0.00,6,6,0,0,6,0.0,0.0,0.00,0.00,0.00,0.00,0,,,,,,,0.0,1.9,0.0,0.0,Nariman Farsaie,Emergencies-power on/off stalls- Sim engine failure at altitude & in Pattern-go around- slip to land ,,,,,,,false,false,false,,0.0,0.0,0.0,1.9
2019-04-26,N325MM,KPAO,KPAO,KLVK,,,,,,,1.6,1.6,0.0,1.0,0.0,0.0,0.00,1,0,0,4,4,0.0,0.0,0.00,0.00,0.00,0.00,0,,,,,,,0.0,1.6,0.0,0.0,Radu Popovici,,,,,,,,false,false,false,,0.0,0.0,0.0,1.6
2019-04-23,GENERIC C172SP,KMRY,KPAO,KOAR,,,,,,,1.0,1.0,0.0,1.0,0.0,1.0,56.60,0,0,1,1,1,0.0,0.0,0.00,0.00,0.00,0.00,0,,,,,,,0.0,0.0,0.0,0.0,,,Katie Wigney;Passenger;katelynwigney98@gmail.com,,,,,,false,false,false,,,1.0,1.0,
2019-04-23,GENERIC C172SP,KPAO,KMRY,KOAR,,,,,,,0.9,0.9,0.0,0.0,0.0,0.9,56.60,1,1,0,0,1,0.0,0.0,,0.00,0.00,0.00,0,,,,,,,0.0,0.0,0.0,0.0,,,Katie Wigney;Passenger;katelynwigney98@gmail.com,,,,,,false,false,false,,,0.9,0.9,
2019-04-22,N850SP,KFAT,KPAO,KFAT KMER KSJC,15:11,15:27,16:40,16:49,,,1.6,1.6,0.0,0.0,0.0,1.6,122.10,1,1,0,0,1,0.0,0.0,3884.80,3886.40,0.00,0.00,0,,,,,,,0.0,0.0,0.0,0.0,,,Katie Wigney;Passenger;katelynwigney98@gmail.com,,,,,,false,false,false,,,1.6,1.6,
2019-04-21,N850SP,KFAT,KFAT,,00:11,00:11,00:24,00:28,,,0.5,0.5,0.0,0.0,0.0,0.0,0.00,1,1,0,0,1,0.0,0.0,3884.30,3884.80,0.00,0.00,0,,,,,,,0.0,0.0,0.0,0.0,,,,,,,,,false,false,false,,,0.0,0.0,
2019-04-19,N2463S,KPAO,KFAT,KRHV,,,,,,,1.4,1.4,0.0,1.2,,1.4,122.30,1,0,0,1,1,0.0,0.0,3882.90,3884.30,0.00,0.00,0,,,,,,,0.0,0.0,0.0,0.0,,,Katie Wigney;Passenger;katelynwigney98@gmail.com,,,,,,false,false,false,,,0.0,0.0,
2019-04-18,N2463S,KPAO,KPAO,,23:16,23:35,00:31,00:46,,,1.6,1.6,0.0,0.0,0.0,0.0,0.00,2,2,0,0,3,0.0,0.0,0.00,0.00,0.00,0.00,0,,,,,,,0.0,1.6,0.0,0.0,Sue Ballew,,,,,,,,false,false,false,,,0.0,0.0,
2019-04-14,N54JA,KSQL,KSQL,KLVK,21:49,22:03,23:35,23:50,,,1.8,1.8,0.0,0.0,0.0,0.0,0.00,7,4,0,0,7,0.0,0.0,0.00,0.00,0.00,0.00,0,,,,,,,0.0,1.8,0.0,0.0,Gopal Kumar,,,,,,,,false,false,false,WVFC checkout flight.  Short Approach  X Wind Take Off and landings Slow Flight / Power off / on Stalls  Steep turns Simulated emergency descent over KLVK.,,0.0,1.8,
2019-04-12,N41BS,KSQL,KSQL,,01:33,01:46,02:56,03:11,,,1.6,1.6,0.0,0.0,,0.0,0.00,1,1,0,0,1,0.0,,0.00,0.00,0.00,0.00,0,,,,,,,0.0,0.0,0.0,0.0,,,,,,,,,false,false,false,,,0.0,0.0,
2019-04-07,N652SP,KSQL,KWVI,,17:36,17:50,19:03,19:17,,,1.4,1.4,0.0,0.0,0.0,0.0,0.00,1,1,0,0,1,0.0,0.0,8043.60,8045.00,0.00,0.00,0,,,,,,,0.0,0.0,0.0,0.0,,,,,,,,,false,false,false,,,0.0,1.4,
2019-04-07,N652SP,KWVI,KSQL,,20:22,20:27,20:59,21:14,,,0.7,0.7,0.0,0.0,0.0,0.0,0.00,1,1,0,0,1,0.0,0.0,8045.00,0.00,0.00,0.00,0,,,,,,,0.0,0.0,0.0,0.0,,,,,,,,,false,false,false,,,0.0,0.7,
2019-04-04,N290TW,KSQL,KSQL,KHWD,,,,,,,1.7,1.7,0.0,0.0,0.0,0.0,0.00,3,0,0,0,3,0.0,0.0,0.00,0.00,0.00,0.00,0,,,,,,,0.0,1.7,0.0,0.0,Stephen Heesacker,172 checkout to club procedures ,,,,,,,false,false,false,,,0.0,1.7,
2019-03-31,N290TW,KSBP,KSBP,,,,,,,,0.3,0.3,0.0,0.0,0.0,0.0,0.00,1,1,0,0,1,0.0,0.0,0.00,0.00,0.00,0.00,0,,,,,,,0.0,0.0,0.0,0.0,,,Katie Wigney;Passenger;katelynwigney98@gmail.com,,,,,,false,false,false,,,0.0,0.0,
2019-03-31,N290TW,KSBP,KSBP,,,,,,,,0.4,0.4,0.0,0.0,0.0,0.0,0.00,1,1,0,0,1,0.0,0.0,0.00,0.00,0.00,0.00,0,,,,,,,0.0,0.0,0.0,0.0,,,,,,,,,false,false,false,,,0.0,0.0,
2019-03-31,N290TW,KSBP,KSBA,GVO,,,,,,,1.5,1.5,0.0,0.9,1.5,1.5,64.20,1,0,3,3,4,0.0,0.0,0.00,0.00,0.00,0.00,0,,,,,,,0.0,0.0,0.0,0.0,,,,,,,,,false,false,false,,,1.5,1.5,
2019-03-31,N290TW,KSBA,KFAT,KSBP,05:13,05:28,07:04,07:19,,,2.1,2.1,0.0,2.1,2.1,2.1,140.90,1,1,0,0,1,0.0,0.0,0.00,0.00,0.00,0.00,0,,,,,,,0.0,0.0,0.0,0.0,,,,,,,,,false,false,false,,0.0,2.1,2.1,0.0
2019-03-30,N290TW,KHWD,KSBP,,19:31,19:39,21:09,21:24,,,1.9,1.9,0.0,0.0,1.9,1.9,161.80,1,1,0,0,1,0.0,0.0,0.00,0.00,0.00,0.00,0,,,,,,,0.0,0.0,0.0,0.0,,,,,,,,,false,false,false,,,1.9,1.9,
2019-03-30,N290TW,KSQL,KHWD,,,,,,,,0.5,0.5,0.0,0.0,0.5,0.0,0.00,1,1,0,0,1,0.0,0.0,0.00,0.00,0.00,0.00,0,,,,,,,0.0,0.0,0.0,0.0,,,,,,,,,false,false,false,,,,0.5,
2019-03-30,,KHWD,KHWD,,17:57,18:17,18:41,18:56,,,0.7,0.7,0.0,0.0,0.0,0.0,0.00,1,1,0,0,1,0.0,0.0,0.00,0.00,0.00,0.00,0,,,,,,,0.0,0.0,0.0,0.0,John Ewing,Private pilot practical test - passed. ,John Ewing;Examiner;,,,,,,false,true,false,,,0.0,0.0,
2019-03-28,N290TW,KSQL,KSQL,KHWD,,,,,,,1.2,0.0,0.0,0.0,0.0,0.0,0.00,3,3,0,0,3,0.0,0.0,0.00,0.00,0.00,0.00,0,,,,,,,0.0,1.2,0.0,0.0,Victor Garrido,,,,,,,,false,false,false,,,0.0,0.0,
2019-03-23,N290TW,KSQL,KSQL,KLVK,,,,,,,1.6,,0.0,0.0,0.0,0.0,0.00,2,1,0,0,2,,0.3,0.00,0.00,0.00,0.00,0,1;ILS;25R;KLVK;,,,,,,0.0,1.6,0.0,0.0,Ignacio Soto Bustos,,,,,,,,false,false,false,,,,,
2019-03-21,N290TW,KSQL,KHWD,,,,,,,,0.3,0.3,0.0,0.0,0.3,0.0,0.00,0,0,0,0,0,0.0,0.0,0.00,0.00,0.00,0.00,0,,,,,,,0.0,0.0,0.0,0.0,,,,,,,,,false,false,false,Flight to checkride ,,,,
2019-03-21,N290TW,KHWD,KHWD,C83,,,,,,,1.6,1.6,0.0,0.0,0.0,0.0,0.00,4,2,0,0,4,0.3,0.0,0.00,0.00,0.00,0.00,0,,,,,,,0.0,,0.0,0.0,,,,,,,,,false,false,false,Checkride unsat,0.0,0.0,0.0,0.0
2019-03-20,N290TW,KSQL,KSQL,KHWD,,,,,,,1.1,0.0,0.0,0.0,0.0,0.0,0.00,8,1,0,0,8,0.0,0.0,0.00,0.00,0.00,0.00,0,,,,,,,0.0,1.1,0.0,0.0,Mike Venturino,Landings review. Short soft field,,,,,,,false,false,false,,,,,
2019-03-07,N35583,KSQL,KSQL,KHWD,,,,,,,1.3,1.3,0.0,0.0,1.3,0.0,0.00,7,7,0,0,7,0.0,0.0,0.00,0.00,0.00,0.00,0,,,,,,,0.0,0.0,0.0,0.0,,,,,,,,,false,false,false,SOLO,,,,
2019-02-28,N290TW,KSQL,KSQL,KHWD,,,,,,,1.6,0.0,0.0,0.0,0.0,0.0,0.00,4,0,0,0,4,0.0,0.0,0.00,0.00,0.00,0.00,0,,,,,,,0.0,1.6,0.0,0.0,Ignacio Soto Bustos,,,,,,,,false,false,false,,,,,
2019-02-18,N290TW,KSQL,KSQL,KOAK,,,,,,,2.0,0.0,0.0,0.0,0.0,0.0,0.00,5,2,0,0,5,0.0,0.0,0.00,0.00,0.00,0.00,0,,,,,,,0.0,2.0,0.0,0.0,Ignacio Soto Bustos,,,,,,,,false,false,false,,,,,
2019-02-11,N290TW,KSQL,KSQL,KLVK,,,,,,,1.4,0.0,0.0,0.0,0.0,0.0,0.00,5,2,0,0,5,0.0,0.0,0.00,0.00,0.00,0.00,0,,,,,,,0.0,1.4,0.0,0.0,Ignacio Soto Bustos,,,,,,,,false,false,false,,,,,
2019-01-31,N290TW,KSQL,KSQL,KHAF,,,,,,,1.6,0.0,0.0,0.0,0.0,0.0,0.00,4,2,0,0,4,0.0,0.3,0.00,0.00,0.00,0.00,0,,,,,,,0.0,1.6,0.0,0.0,Ignacio Soto Bustos,"Short field takeoff, VFR cloud separation, attitude instrument flying (constant airspeed climbs and descents, turns to headings, simulated engine failure), emergency descent (engine fire and descent spiral), steep turns, slow flight, power off stall, power on turning stall, short field landing, soft field landing, forward slip, go around, engine failure upwind at 800ft.",,,,,,,false,false,false,,,,,
2019-01-27,,KSQL,KMRY,,,,,,,,0.0,0.0,0.0,0.0,0.0,0.0,0.00,0,0,0,0,1,0.0,0.0,0.00,0.00,0.00,0.00,0,,,,,,,0.0,0.0,0.0,0.0,,,,,,,,,false,false,false,,,,,
2019-01-27,N35583,KSQL,KSQL,KMRY,,,,,,,1.9,1.9,0.0,0.0,1.9,1.9,0.00,2,2,0,0,2,0.0,0.0,0.00,0.00,0.00,0.00,0,,,,,,,0.0,0.0,0.0,0.0,,,,,,,,,false,false,false,Solo XC,,,,
2019-01-27,N35583,KSQL,KSQL,,,,,,,,1.2,1.2,0.0,0.0,1.2,0.0,0.00,6,6,0,0,6,,0.0,0.00,0.00,0.00,0.00,0,,,,,,,0.0,0.0,0.0,0.0,,,,,,,,,false,false,false,,,,,
2019-01-24,N290TW,KSQL,KSQL,C83,,,,,,,2.2,0.0,0.0,0.3,0.0,0.0,0.00,5,0,0,0,5,0.0,0.4,0.00,0.00,0.00,0.00,0,,,,,,,0.0,2.2,0.0,0.0,Jan Drees,,,,,,,,false,false,false,,,,,
2019-01-04,N35583,KSQL,KSQL,KHAF,,,,,,,1.3,0.0,0.0,0.8,0.0,0.0,0.00,2,1,0,1,2,0.0,0.0,0.00,0.00,0.00,0.00,0,,,,,,,0.0,1.3,0.0,0.0,,,,,,,,,false,false,false,,,,,
2019-01-04,N35583,KSQL,KSQL,KKIC KMRY,,,,,,,2.5,2.5,0.0,0.0,2.5,2.5,0.00,3,3,0,0,3,0.0,0.0,0.00,0.00,0.00,0.00,0,,,,,,,0.0,0.0,0.0,0.0,,,,,,,,,false,false,false,Long XC Solo,0.0,0.0,0.0,0.0
2019-01-03,N290TW,KSQL,KSQL,,,,,,,,0.9,0.9,0.0,0.0,0.9,0.0,0.00,5,5,0,0,5,0.0,0.0,0.00,0.00,0.00,0.00,0,,,,,,,0.0,0.0,0.0,0.0,,,,,,,,,false,false,false,,,,,
2018-12-06,N972TA,KSQL,KSQL,KSTS,,,,,,,1.9,0.0,0.0,1.9,0.0,1.9,0.00,0,0,3,3,3,0.0,0.0,0.00,0.00,0.00,0.00,0,,,,,,,0.0,1.9,0.0,0.0,Melek Kamel,,,,,,,,false,false,false,,,,,
2018-12-06,N972TA,KSQL,KSQL,,,,,,,,0.8,0.8,0.0,0.0,0.8,0.0,0.00,3,3,0,0,3,0.0,0.0,0.00,0.00,0.00,0.00,0,,,,,,,0.0,0.0,0.0,0.0,,,,,,,,,false,false,false,,,,,
2018-12-04,N972TA,KSQL,KSQL,KOAK,,,,,,,1.3,0.0,0.0,1.3,0.0,0.0,0.00,0,0,7,7,7,0.0,0.0,0.00,0.00,0.00,0.00,0,,,,,,,0.0,1.3,0.0,0.0,,,,,,,,,false,false,false,,,,,
2018-12-02,,KSCK,KSQL,,,,,,,,0.0,0.0,0.0,0.0,0.0,0.0,0.00,0,0,0,0,0,0.0,0.0,0.00,0.00,0.00,0.00,0,,,,,,,0.0,0.0,0.0,0.0,,,,,,,,,false,false,false,,,,,
2018-12-02,,KSQL,KSCK,,,,,,,,0.0,0.0,0.0,0.0,0.0,0.0,0.00,0,0,0,0,0,0.0,0.0,0.00,0.00,0.00,0.00,0,,,,,,,0.0,0.0,0.0,0.0,,,,,,,,,false,false,false,,,,,
2018-12-02,N35583,KSQL,KSQL,KSCK,,,,,,,1.7,1.7,,0.0,1.7,1.7,0.00,2,2,0,0,2,0.0,0.0,0.00,0.00,0.00,0.00,0,,,,,,,0.0,0.0,0.0,0.0,,,,,,,,,false,false,false,First cross country solo,,0.0,0.0,
2018-11-29,N290TW,KAPC,KSQL,,,,,,,,0.0,0.0,0.0,0.0,0.0,0.0,0.00,0,0,0,0,0,0.0,0.0,0.00,0.00,0.00,0.00,0,,,,,,,0.0,0.0,0.0,0.0,,,,,,,,,false,false,false,,,,,
2018-11-29,N290TW,KSQL,KAPC,,,,,,,,0.0,0.0,0.0,0.0,0.0,0.0,0.00,0,0,0,0,0,0.0,0.0,0.00,0.00,0.00,0.00,0,,,,,,,0.0,0.0,0.0,0.0,,,,,,,,,false,false,false,,,,,
2018-11-29,N290TW,KSQL,KSQL,KAPC,,,,,,,2.3,0.0,0.0,1.5,0.0,,0.00,3,0,2,2,3,0.0,1.5,0.00,0.00,0.00,0.00,0,,,,,,,0.0,2.3,0.0,0.0,,,,,,,,,false,false,false,,,,,
2018-11-27,N290TW,KSQL,KSQL,KPAO KHWD KOAK,,,,,,,1.3,0.0,0.0,0.0,0.0,0.0,0.00,9,0,0,0,9,0.0,0.0,0.00,0.00,0.00,0.00,0,,,,,,,0.0,1.3,0.0,0.0,,,,,,,,,false,false,false,,,,,
2018-11-27,N290TW,KSQL,KSQL,,,,,,,,0.0,0.0,0.0,0.0,0.0,0.0,0.00,0,0,0,0,0,0.0,0.0,0.00,0.00,0.00,0.00,0,,,,,,,0.0,0.0,0.0,0.0,,,,,,,,,false,false,false,,,,,
2018-11-08,N290TW,KSQL,KSQL,,,,,,,,0.4,0.4,0.0,0.0,0.4,0.0,0.00,1,1,0,0,1,0.0,0.0,0.00,0.00,0.00,0.00,0,,,,,,,0.0,0.0,0.0,0.0,,,,,,,,,false,false,false,Second solo,,,,
2018-10-30,N290TW,KSQL,KSQL,O69 KDVO,,,,,,,2.3,0.0,0.0,0.5,0.0,0.0,0.00,5,0,0,1,5,0.0,0.0,0.00,0.00,0.00,0.00,0,,,,,,,0.0,2.3,0.0,0.0,,,,,,,,,false,false,false,,,,,
2018-10-25,N290TW,KSQL,KSQL,KDWA KEDU,,,,,,,2.6,0.0,0.0,0.6,0.0,2.6,0.00,2,0,0,1,2,0.0,0.0,0.00,0.00,0.00,0.00,0,,,,,,,0.0,2.6,0.0,0.0,,,,,,,,,false,false,false,,,,,
2018-10-23,N290TW,KSQL,KSQL,KSCK KTCY,,,,,,,2.4,0.0,0.0,0.0,0.0,2.4,0.00,2,0,0,0,2,0.0,0.5,0.00,0.00,0.00,0.00,0,,,,,,,0.0,2.4,0.0,0.0,,,,,,,,,false,false,false,,,,,
2018-10-16,N290TW,KSQL,KSQL,1O2,,,,,,,3.0,0.0,0.0,0.7,0.0,3.0,0.00,2,0,0,1,2,0.0,0.0,0.00,0.00,0.00,0.00,0,,,,,,,0.0,3.0,0.0,0.0,,,,,,,,,false,false,false,,,,,
2018-10-11,N290TW,KSQL,KSQL,KMRY,,,,,,,1.9,0.0,0.0,0.0,0.0,1.9,0.00,2,0,0,0,2,0.0,0.0,0.00,0.00,0.00,0.00,0,,,,,,,0.0,1.9,0.0,0.0,,,,,,,,,false,false,false,,,,,
2018-10-09,N290TW,KSQL,KSQL,KMCE,,,,,,,2.2,,0.0,0.7,0.0,0.0,0.00,2,0,0,1,2,0.0,0.0,0.00,0.00,0.00,0.00,0,,,,,,,0.0,2.2,0.0,0.0,,,,,,,,,false,false,false,,,,,
2018-10-04,N290TW,KSQL,KSQL,,,,,,,,0.4,0.0,0.0,0.0,0.0,0.0,0.00,3,0,0,0,3,0.0,0.2,0.00,0.00,0.00,0.00,0,,,,,,,0.0,0.4,0.0,0.0,,,,,,,,,false,false,false,,,,,
2018-10-04,N290TW,KSQL,KSQL,,,,,,,,0.7,0.7,0.0,0.0,0.7,0.0,0.00,3,3,0,0,3,0.0,0.0,0.00,0.00,0.00,0.00,0,,,,,,,0.0,0.0,0.0,0.0,,,,,,,,,false,false,false,First solo,,,,
2018-10-02,N290TW,KSQL,KSQL,KCCR KAPC,,,,,,,2.2,,0.0,0.5,0.0,2.2,0.00,6,0,0,1,6,0.0,0.0,0.00,0.00,0.00,0.00,0,,,,,,,0.0,2.2,0.0,0.0,,,,,,,,,false,false,false,,,,,
2018-09-27,N290TW,KSQL,KSQL,KSJC E16,,,,,,,1.7,0.0,0.0,0.2,0.0,1.7,0.00,5,0,0,0,5,0.0,0.0,0.00,0.00,0.00,0.00,0,,,,,,,0.0,1.7,0.0,0.0,,,,,,,,,false,false,false,,,,,
2018-09-26,N290TW,KSQL,KSQL,,,,,,,,0.6,0.0,0.0,0.0,0.0,,0.00,2,2,0,0,2,0.0,0.0,0.00,0.00,0.00,0.00,0,,,,,,,0.0,0.6,0.0,0.0,,,,,,,,,false,false,false,Solo phase check ,,,,
2018-09-25,N290TW,KSQL,KSQL,KHWD KOAK,,,,,,,1.4,0.0,0.0,0.0,0.0,0.0,0.00,7,0,0,0,7,0.0,0.0,0.00,0.00,0.00,0.00,0,,,,,,,0.0,1.4,0.0,0.0,,,,,,,,,false,false,false,,,,,
2018-09-24,N290TW,KSQL,KSQL,,,,,,,,1.5,0.0,0.0,0.0,0.0,0.0,0.00,3,3,0,0,3,0.0,0.0,0.00,0.00,0.00,0.00,0,,,,,,,0.0,1.5,0.0,0.0,,,,,,,,,false,false,false,Solo phase check,,,,
2018-09-20,N290TW,KSQL,KSQL,KHWD KCCR KAPC 37.79째N/122.41째W 37.78째N/122.51째W ,,,,,,,1.9,0.0,0.0,0.0,0.0,1.9,0.00,5,0,0,0,5,,0.3,3513.10,3515.00,2657.10,2659.30,0,,,,,,,0.0,1.9,0.0,0.0,,,Malek Kamel;Instructor;melekashraf22@gmail.com,,,,,,false,false,false,First Class Bravo transition - track log has transition data,,,,
2018-09-18,N290TW,KSQL,KSQL, KPAO,,,,,,,2.0,0.0,0.0,0.0,0.0,0.0,0.00,9,8,0,0,9,0.0,0.0,3510.10,3512.10,2655.60,2657.10,0,,,,,,,0.0,2.0,0.0,0.0,,,Malek Kamel;Instructor;melekashraf22@gmail.com,,,,,,false,false,false,,,,,
2018-09-13,N290TW,KSQL,KSQL,C83,,,,,,,2.1,0.0,0.0,0.0,0.0,0.0,0.00,10,2,0,0,10,0.0,0.0,0.00,0.00,0.00,0.00,0,,,,,,,0.0,2.1,0.0,0.0,,,,,,,,,false,false,false,,,,,
2018-09-11,N290TW,KSQL,KSQL,,,,,,,,1.5,0.0,0.0,0.0,0.0,0.0,0.00,12,0,0,0,12,0.0,0.0,0.00,0.00,0.00,0.00,0,,,,,,,0.0,1.5,0.0,0.0,,,,,,,,,false,false,false,,,,,
2018-09-09,N290TW,KSQL,KSQL,KPAO KRHV,,,,,,,1.4,0.0,0.0,0.0,0.0,0.0,0.00,10,1,0,0,10,0.0,0.0,,0.00,0.00,0.00,0,,,,,,,0.0,1.4,0.0,0.0,,,,,,,,,false,false,false,,,,,
2018-09-06,N35583,KSQL,KSQL,,,,,,,,1.1,0.0,0.0,0.0,0.0,0.0,0.00,8,1,0,0,8,0.0,0.0,0.00,0.00,0.00,0.00,0,,,,,,,0.0,1.1,0.0,0.0,,,,,,,,,false,false,false,,,,,
2018-09-04,N290TW,KSQL,KSQL,KLVK,,,,,,,1.9,0.0,0.0,0.0,0.0,0.0,0.00,10,2,0,0,10,0.0,0.0,0.00,0.00,0.00,0.00,0,,,,,,,0.0,1.9,0.0,0.0,,,,,,,,,false,false,false,,,,,
2018-09-03,N35583,KSQL,KSQL, KHWD KOAK,,,,,,,2.1,0.0,0.0,0.0,0.0,0.0,0.00,12,2,0,0,12,0.0,0.0,0.00,0.00,0.00,0.00,0,,,,,,,0.0,2.1,0.0,0.0,,,,,,,,,false,false,false,,,,,
2018-09-01,N35583,KSQL,KSQL,KOAK,,,,,,,1.6,0.0,0.0,0.0,0.0,0.0,0.00,10,1,0,0,10,0.0,0.0,0.00,0.00,0.00,0.00,0,,,,,,,0.0,1.6,0.0,0.0,,,,,,,,,false,false,false,,,,,
2018-08-30,N35583,KSQL,KSQL,KOAK KHWD,,,,,,,1.7,,0.0,0.0,,0.0,0.00,8,2,0,0,8,0.0,0.0,0.00,0.00,0.00,0.00,0,,,,,,,0.0,1.7,0.0,0.0,,,,,,,,,false,false,false,,,,,
2018-08-28,N35583,KSQL,KSQL,KSQL KLVK KSQL,,,,,,,1.9,0.0,0.0,0.0,0.0,0.0,0.00,13,2,0,0,13,0.0,0.0,0.00,0.00,0.00,0.00,0,,,,,,,0.0,1.9,0.0,1.1,,,,,,,,,false,false,false,,,,,
2018-08-26,N972TA,KSQL,KSQL,KSQL KLVK PRACTICE AREA,,,,,,,1.8,0.0,0.0,0.0,0.0,0.0,0.00,1,1,0,0,1,0.0,0.0,8131.20,8133.00,0.00,0.00,0,,,,,,,0.0,1.8,0.0,0.0,,,,,,,,,false,false,false,,,,,
2018-08-23,N35583,KSQL,KSQL,,,,,,,,1.4,0.0,0.0,0.0,0.0,0.0,0.00,5,5,0,0,5,0.0,0.0,0.00,0.00,0.00,0.00,0,,,,,,,0.0,1.4,0.0,0.0,,,,,,,,,false,false,false,,,,,
2018-08-21,N35583,KSQL,KSQL,,,,,,,,1.8,0.0,0.0,0.0,0.0,0.0,0.00,1,1,0,0,1,0.0,0.0,0.00,0.00,0.00,0.00,0,,,,,,,0.0,1.8,0.0,0.0,,,,,,,,,false,false,false,,,,,
2018-08-12,N35583,KSQL,KSQL,,,,,,,,1.3,0.0,0.0,0.0,0.0,0.0,0.00,1,1,0,0,1,0.0,0.0,0.00,0.00,0.00,0.00,0,,,,,,,0.0,1.3,0.0,0.0,,,,,,,,,false,false,false,,,,,
2018-08-11,N35583,KSQL,KSQL,,,,,,,,1.4,0.0,0.0,0.0,0.0,0.0,0.00,1,1,0,0,1,0.0,0.0,0.00,0.00,0.00,0.00,0,,,,,,,0.0,1.4,0.0,0.0,,,,,,,,,false,false,false,,,,,
2018-08-05,N972TA,KSQL,KSQL,,,,,,,,0.9,0.0,0.0,0.0,,0.0,0.00,1,1,0,0,1,0.0,0.0,0.00,0.00,0.00,0.00,0,,,,,,,0.0,0.9,0.0,0.0,,,,,,,,,false,false,false,,,,,
